Order	PDB_Chain	Type	Length	Similarity	Source
1	1AD8_3|Chain	alpha	10	0.0000	selection/pdb_direct_alpha_selection_info.tsv
2	1BII_3|Chain	alpha	10	0.0000	selection/optimal_small_alpha_selection_info.tsv
3	1CKA_2|Chain	alpha	10	0.0000	selection/huge_pdb_alpha_selection_info.tsv
4	1CU4_3|Chain	alpha	10	0.0000	selection/huge_pdb_alpha_selection_info.tsv
5	1DI2_1|Chains	alpha	10	0.0000	selection/huge_pdb_alpha_selection_info.tsv
6	1EB1_1|Chain	alpha	10	0.0000	selection/huge_pdb_alpha_selection_info.tsv
7	1AVP_2|Chain	alpha	11	0.0000	selection/pdb_direct_alpha_selection_info.tsv
8	1CVJ_1|Chains	alpha	11	0.0000	selection/huge_pdb_alpha_selection_info.tsv
9	1D4T_2|Chain	alpha	11	0.0000	selection/huge_pdb_alpha_selection_info.tsv
10	1E3O_1|Chain	alpha	11	0.0000	selection/huge_pdb_alpha_selection_info.tsv
11	1BMV_1|Chain	alpha	11	0.5333	selection/optimal_small_alpha_selection_info.tsv
12	1ZIF_1|Chain	alpha	12	0.0000	selection/pdb_direct_alpha_selection_info.tsv
13	1DNE_1|Chains	alpha	12	0.0000	selection/huge_pdb_alpha_selection_info.tsv
14	1B7F_1|Chains	alpha	12	0.2903	selection/optimal_small_alpha_selection_info.tsv
15	1CA0_1|Chains	alpha	13	0.0000	selection/huge_pdb_alpha_selection_info.tsv
16	1CMI_2|Chains	alpha	13	0.0000	selection/huge_pdb_alpha_selection_info.tsv
17	1CQG_2|Chain	alpha	13	0.0000	selection/huge_pdb_alpha_selection_info.tsv
18	1CSL_1|Chain	alpha	13	0.0000	selection/huge_pdb_alpha_selection_info.tsv
19	1ETL_1|Chain	alpha	13	0.0000	selection/huge_pdb_alpha_selection_info.tsv
20	1EYU_1|Chains	alpha	13	0.0000	selection/huge_pdb_alpha_selection_info.tsv
21	1DN2_2|Chains	alpha	14	0.0000	selection/huge_pdb_alpha_selection_info.tsv
22	1BWG_2|Chain	alpha	14	0.3462	selection/optimal_small_alpha_selection_info.tsv
23	1E6I_2|Chain	alpha	15	0.0000	selection/huge_pdb_alpha_selection_info.tsv
24	1ALZ_2|Chain	alpha	16	0.0000	selection/pdb_direct_alpha_selection_info.tsv
25	1CF7_1|Chain	alpha	16	0.0000	selection/huge_pdb_alpha_selection_info.tsv
26	1DP7_1|Chain	alpha	16	0.0000	selection/huge_pdb_alpha_selection_info.tsv
27	1ECR_1|Chain	alpha	16	0.0000	selection/huge_pdb_alpha_selection_info.tsv
28	1BXL_2|Chain	alpha	16	0.2381	selection/optimal_small_alpha_selection_info.tsv
29	1E0Q_1|Chain	alpha	17	0.0000	selection/huge_pdb_alpha_selection_info.tsv
30	1PEF_1|Chain	alpha	18	0.0000	selection/pdb_direct_alpha_selection_info.tsv
31	1B3T_1|Chains	alpha	18	0.5000	selection/optimal_small_alpha_selection_info.tsv
32	1ALF_1|Chain	alpha	19	0.0000	selection/pdb_direct_alpha_selection_info.tsv
33	1DFU_1|Chain	alpha	19	0.0000	selection/huge_pdb_alpha_selection_info.tsv
34	1ATO_1|Chain	alpha	19	0.4688	selection/optimal_small_alpha_selection_info.tsv
35	1ATP_2|Chain	alpha	20	0.0000	selection/pdb_direct_alpha_selection_info.tsv
36	1AI0_1|Chains	alpha	21	0.0000	selection/pdb_direct_alpha_selection_info.tsv
37	1AKH_1|Chain	alpha	21	0.0000	selection/pdb_direct_alpha_selection_info.tsv
38	1AWC_2|Chain	alpha	21	0.0000	selection/pdb_direct_alpha_selection_info.tsv
39	1DH3_1|Chains	alpha	21	0.0000	selection/huge_pdb_alpha_selection_info.tsv
40	1B17_1|Chain	alpha	21	0.1562	selection/optimal_small_alpha_selection_info.tsv
41	1AXC_2|Chains	alpha	22	0.0000	selection/pdb_direct_alpha_selection_info.tsv
42	1DZ5_2|Chains	alpha	22	0.0000	selection/huge_pdb_alpha_selection_info.tsv
43	1DZI_2|Chains	alpha	22	0.0000	selection/huge_pdb_alpha_selection_info.tsv
44	1ERF_1|Chain	alpha	24	0.0000	selection/huge_pdb_alpha_selection_info.tsv
45	1BL0_1|Chain	alpha	24	0.3846	selection/optimal_small_alpha_selection_info.tsv
46	1AS5_1|Chain	alpha	25	0.0000	selection/pdb_direct_alpha_selection_info.tsv
47	1CM1_2|Chain	alpha	25	0.0000	selection/huge_pdb_alpha_selection_info.tsv
48	1AU7_1|Chain	alpha	25	0.4516	selection/optimal_small_alpha_selection_info.tsv
49	1HTM_1|Chains	alpha	27	0.0000	selection/pdb_direct_alpha_selection_info.tsv
50	1E0N_1|Chain	alpha	27	0.0000	selection/huge_pdb_alpha_selection_info.tsv
51	1BH1_1|Chain	alpha	27	0.2647	selection/optimal_small_alpha_selection_info.tsv
52	1FSD_1|Chain	alpha	28	0.0000	selection/pdb_direct_alpha_selection_info.tsv
53	1CQ0_1|Chain	alpha	28	0.0000	selection/huge_pdb_alpha_selection_info.tsv
54	1DME_1|Chain	alpha	28	0.0000	selection/huge_pdb_alpha_selection_info.tsv
55	1BIV_1|Chain	alpha	28	0.0857	selection/optimal_small_alpha_selection_info.tsv
56	1ARE_1|Chain	alpha	29	0.0000	selection/pdb_direct_alpha_selection_info.tsv
57	1ARF_1|Chain	alpha	29	0.9333	selection/optimal_small_alpha_selection_info.tsv
58	1E3M_2|Chain	alpha	30	0.0000	selection/huge_pdb_alpha_selection_info.tsv
59	1APH_2|Chain	alpha	30	0.2391	selection/optimal_small_alpha_selection_info.tsv
60	1COI_1|Chain	alpha	31	0.0000	selection/huge_pdb_alpha_selection_info.tsv
61	1CLV_2|Chain	alpha	32	0.0000	selection/huge_pdb_alpha_selection_info.tsv
62	1DPJ_2|Chain	alpha	33	0.0000	selection/huge_pdb_alpha_selection_info.tsv
63	1EHK_3|Chain	alpha	33	0.0000	selection/huge_pdb_alpha_selection_info.tsv
64	1D1H_1|Chain	alpha	35	0.0000	selection/huge_pdb_alpha_selection_info.tsv
65	1VII_1|Chain	alpha	36	0.0000	selection/pdb_direct_alpha_selection_info.tsv
66	1BBA_1|Chain	alpha	36	0.0000	selection/pdb_direct_alpha_selection_info.tsv
67	1CBH_1|Chain	alpha	36	0.0000	selection/huge_pdb_alpha_selection_info.tsv
68	1CTA_1|Chains	alpha	36	0.0000	selection/huge_pdb_alpha_selection_info.tsv
69	1DXG_1|Chains	alpha	36	0.0000	selection/huge_pdb_alpha_selection_info.tsv
70	1BB1_1|Chain	alpha	36	0.0455	selection/optimal_small_alpha_selection_info.tsv
71	1AJJ_1|Chain	alpha	37	0.0000	selection/pdb_direct_alpha_selection_info.tsv
72	1E0L_1|Chain	alpha	37	0.0000	selection/huge_pdb_alpha_selection_info.tsv
73	1E0M_1|Chain	alpha	37	0.0000	selection/huge_pdb_alpha_selection_info.tsv
74	1BIG_1|Chain	alpha	37	0.2179	selection/optimal_small_alpha_selection_info.tsv
75	1BHI_1|Chain	alpha	38	0.2453	selection/optimal_small_alpha_selection_info.tsv
76	1ERC_1|Chain	alpha	40	0.0000	selection/pdb_direct_alpha_selection_info.tsv
77	1AFO_1|Chains	alpha	40	0.0000	selection/pdb_direct_alpha_selection_info.tsv
78	1ERD_1|Chain	alpha	40	0.0000	selection/huge_pdb_alpha_selection_info.tsv
79	1BA4_1|Chain	alpha	40	0.2292	selection/optimal_small_alpha_selection_info.tsv
80	1EBD_2|Chain	alpha	41	0.0000	selection/huge_pdb_alpha_selection_info.tsv
81	1BH9_1|Chain	alpha	45	0.1778	selection/optimal_small_alpha_selection_info.tsv
82	1CRN_1|Chain	alpha	46	0.0000	selection/pdb_direct_alpha_selection_info.tsv
83	1AN1_2|Chain	alpha	46	0.0000	selection/pdb_direct_alpha_selection_info.tsv
84	1AB1_1|Chain	alpha	46	0.2432	selection/optimal_small_alpha_selection_info.tsv
85	1AQ5_1|Chains	alpha	47	0.0000	selection/pdb_direct_alpha_selection_info.tsv
86	1DV0_1|Chain	alpha	47	0.0000	selection/huge_pdb_alpha_selection_info.tsv
87	1CW5_1|Chain	alpha	48	0.0000	selection/huge_pdb_alpha_selection_info.tsv
88	1APF_1|Chain	alpha	49	0.0000	selection/pdb_direct_alpha_selection_info.tsv
89	1E79_5|Chain	alpha	50	0.0000	selection/huge_pdb_alpha_selection_info.tsv
90	1E8O_3|Chain	alpha	50	0.0000	selection/huge_pdb_alpha_selection_info.tsv
91	1F62_1|Chain	alpha	51	0.0000	selection/huge_pdb_alpha_selection_info.tsv
92	1BBL_1|Chain	alpha	51	0.2429	selection/optimal_small_alpha_selection_info.tsv
93	1ARR_1|Chains	alpha	53	0.0000	selection/pdb_direct_alpha_selection_info.tsv
94	1BRF_1|Chain	alpha	53	0.2316	selection/optimal_small_alpha_selection_info.tsv
95	1ENH_1|Chain	alpha	54	0.0000	selection/pdb_direct_alpha_selection_info.tsv
96	1BQ9_1|Chain	alpha	54	0.9815	selection/optimal_small_alpha_selection_info.tsv
97	1EF4_1|Chain	alpha	55	0.0000	selection/huge_pdb_alpha_selection_info.tsv
98	1BX7_1|Chain	alpha	55	0.2603	selection/optimal_small_alpha_selection_info.tsv
99	1PGB_1|Chain	alpha	56	0.0000	selection/pdb_direct_alpha_selection_info.tsv
100	1CGI_2|Chain	alpha	56	0.0000	selection/huge_pdb_alpha_selection_info.tsv
101	1DTK_1|Chain	alpha	57	0.0000	selection/huge_pdb_alpha_selection_info.tsv
102	1B0N_2|Chain	alpha	57	0.2203	selection/optimal_small_alpha_selection_info.tsv
103	1BK2_1|Chain	alpha	57	0.2391	selection/optimal_small_alpha_selection_info.tsv
104	1D0D_2|Chain	alpha	58	0.0000	selection/huge_pdb_alpha_selection_info.tsv
105	1D6R_2|Chain	alpha	58	0.0000	selection/huge_pdb_alpha_selection_info.tsv
106	1FC2_1|Chain	alpha	58	0.0000	selection/huge_pdb_alpha_selection_info.tsv
107	1BPI_1|Chain	alpha	58	0.1826	selection/optimal_small_alpha_selection_info.tsv
108	1BTH_3|Chains	alpha	58	0.2376	selection/filtered_alpha_selection_info.tsv
109	1CDT_1|Chains	alpha	60	0.0000	selection/huge_pdb_alpha_selection_info.tsv
110	1BDD_1|Chain	alpha	60	0.2476	selection/optimal_small_alpha_selection_info.tsv
111	1BDC_1|Chain	alpha	60	0.2667	selection/filtered_alpha_selection_info.tsv
112	1DTD_2|Chain	alpha	61	0.0000	selection/huge_pdb_alpha_selection_info.tsv
113	1EAI_2|Chains	alpha	61	0.0000	selection/huge_pdb_alpha_selection_info.tsv
114	1FAS_1|Chain	alpha	61	0.0000	selection/huge_pdb_alpha_selection_info.tsv
115	1B41_2|Chain	alpha	61	0.1583	selection/optimal_small_alpha_selection_info.tsv
116	1SHG_1|Chain	alpha	62	0.0000	selection/pdb_direct_alpha_selection_info.tsv
117	1AEY_1|Chain	alpha	62	0.2308	selection/filtered_alpha_selection_info.tsv
118	1ROP_1|Chain	alpha	63	0.0000	selection/pdb_direct_alpha_selection_info.tsv
119	1F94_1|Chain	alpha	63	0.0000	selection/huge_pdb_alpha_selection_info.tsv
120	1BF4_3|Chain	alpha	63	0.9844	selection/optimal_small_alpha_selection_info.tsv
121	1AHO_1|Chain	alpha	64	0.0000	selection/pdb_direct_alpha_selection_info.tsv
122	1C8C_2|Chain	alpha	64	0.0000	selection/huge_pdb_alpha_selection_info.tsv
123	1COA_1|Chain	alpha	64	0.0000	selection/huge_pdb_alpha_selection_info.tsv
124	1BNZ_2|Chain	alpha	64	0.1933	selection/optimal_small_alpha_selection_info.tsv
125	1AZP_2|Chain	alpha	66	0.0000	selection/pdb_direct_alpha_selection_info.tsv
126	1C9O_1|Chains	alpha	66	0.0000	selection/huge_pdb_alpha_selection_info.tsv
127	1B3A_1|Chains	alpha	67	0.2406	selection/optimal_small_alpha_selection_info.tsv
128	1DF4_1|Chain	alpha	68	0.0000	selection/huge_pdb_alpha_selection_info.tsv
129	1B67_1|Chains	alpha	68	0.2530	selection/optimal_small_alpha_selection_info.tsv
130	1MJC_1|Chain	alpha	69	0.0000	selection/pdb_direct_alpha_selection_info.tsv
131	1DM0_2|Chains	alpha	69	0.0000	selection/huge_pdb_alpha_selection_info.tsv
132	1CSE_2|Chain	alpha	70	0.0000	selection/huge_pdb_alpha_selection_info.tsv
133	1POU_1|Chain	alpha	71	0.0000	selection/pdb_direct_alpha_selection_info.tsv
134	1AH9_1|Chain	alpha	71	0.0000	selection/pdb_direct_alpha_selection_info.tsv
135	1C75_1|Chain	alpha	71	0.0000	selection/huge_pdb_alpha_selection_info.tsv
136	1B4B_1|Chains	alpha	71	0.2174	selection/optimal_small_alpha_selection_info.tsv
137	1AIL_1|Chain	alpha	73	0.0000	selection/pdb_direct_alpha_selection_info.tsv
138	1CC7_1|Chain	alpha	73	0.0000	selection/huge_pdb_alpha_selection_info.tsv
139	1EIH_1|Chain	alpha	73	0.0000	selection/huge_pdb_alpha_selection_info.tsv
140	1BO9_1|Chain	alpha	73	0.2273	selection/optimal_small_alpha_selection_info.tsv
141	1CTF_1|Chain	alpha	74	0.0000	selection/pdb_direct_alpha_selection_info.tsv
142	1D3B_1|Chains	alpha	75	0.0000	selection/huge_pdb_alpha_selection_info.tsv
143	1UBQ_1|Chain	alpha	76	0.0000	selection/pdb_direct_alpha_selection_info.tsv
144	1ESR_1|Chain	alpha	76	0.0000	selection/huge_pdb_alpha_selection_info.tsv
145	1AAR_1|Chains	alpha	76	0.2453	selection/optimal_small_alpha_selection_info.tsv
146	1BT0_1|Chain	alpha	76	0.5050	selection/optimal_small_alpha_selection_info.tsv
147	1VCC_1|Chain	alpha	77	0.0000	selection/pdb_direct_alpha_selection_info.tsv
148	1CB1_1|Chain	alpha	78	0.0000	selection/huge_pdb_alpha_selection_info.tsv
149	1BE3_8|Chain	alpha	78	0.1176	selection/optimal_small_alpha_selection_info.tsv
150	1DAN_3|Chain	alpha	80	0.0000	selection/huge_pdb_alpha_selection_info.tsv
151	1B4F_1|Chains	alpha	82	0.2245	selection/optimal_small_alpha_selection_info.tsv
152	1EZG_1|Chains	alpha	84	0.0000	selection/huge_pdb_alpha_selection_info.tsv
153	1E44_1|Chain	alpha	85	0.0000	selection/huge_pdb_alpha_selection_info.tsv
154	1EMV_1|Chain	alpha	86	0.0000	selection/huge_pdb_alpha_selection_info.tsv
155	1EUV_2|Chain	alpha	86	0.0000	selection/huge_pdb_alpha_selection_info.tsv
156	1ABA_1|Chain	alpha	87	0.0000	selection/pdb_direct_alpha_selection_info.tsv
157	1B72_4|Chain	alpha	87	0.2016	selection/optimal_small_alpha_selection_info.tsv
158	1AY7_2|Chain	alpha	89	0.0000	selection/pdb_direct_alpha_selection_info.tsv
159	1EN2_1|Chain	alpha	89	0.0000	selection/huge_pdb_alpha_selection_info.tsv
160	1BG8_1|Chains	alpha	89	0.2296	selection/optimal_small_alpha_selection_info.tsv
161	1B2U_2|Chains	alpha	90	0.2123	selection/optimal_small_alpha_selection_info.tsv
162	1E8A_1|Chains	alpha	91	0.0000	selection/huge_pdb_alpha_selection_info.tsv
163	1CYO_1|Chain	alpha	93	0.0000	selection/huge_pdb_alpha_selection_info.tsv
164	1CZ8_1|Chains	alpha	94	0.0000	selection/huge_pdb_alpha_selection_info.tsv
165	1A68_1|Chain	alpha	95	0.0000	selection/pdb_direct_alpha_selection_info.tsv
166	1DOY_1|Chain	alpha	96	0.0000	selection/huge_pdb_alpha_selection_info.tsv
167	1CY5_1|Chain	alpha	97	0.0000	selection/huge_pdb_alpha_selection_info.tsv
168	1BL8_1|Chains	alpha	97	0.1466	selection/optimal_small_alpha_selection_info.tsv
169	1APS_1|Chain	alpha	98	0.0000	selection/pdb_direct_alpha_selection_info.tsv
170	1CYU_1|Chain	alpha	98	0.0000	selection/huge_pdb_alpha_selection_info.tsv
171	1ETO_1|Chains	alpha	98	0.0000	selection/huge_pdb_alpha_selection_info.tsv
172	1BEG_1|Chain	alpha	98	0.2342	selection/optimal_small_alpha_selection_info.tsv
173	1AZ5_1|Chain	alpha	99	0.0000	selection/pdb_direct_alpha_selection_info.tsv
174	1CQY_1|Chain	alpha	99	0.0000	selection/huge_pdb_alpha_selection_info.tsv
175	1DE4_2|Chains	alpha	99	0.0000	selection/huge_pdb_alpha_selection_info.tsv
176	1EBW_1|Chains	alpha	99	0.0000	selection/huge_pdb_alpha_selection_info.tsv
177	1FAD_1|Chain	alpha	99	0.0000	selection/huge_pdb_alpha_selection_info.tsv
178	1BM8_1|Chain	alpha	99	0.2464	selection/optimal_small_alpha_selection_info.tsv
179	1F39_1|Chains	alpha	101	0.0000	selection/huge_pdb_alpha_selection_info.tsv
180	1P68_1|Chain	alpha	102	0.0000	selection/pdb_direct_alpha_selection_info.tsv
181	1BJ1_3|Chains	alpha	102	0.2216	selection/filtered_alpha_selection_info.tsv
182	1AG2_1|Chain	alpha	103	0.0000	selection/pdb_direct_alpha_selection_info.tsv
183	1CYC_1|Chains	alpha	103	0.0000	selection/huge_pdb_alpha_selection_info.tsv
184	1DJR_1|Chains	alpha	103	0.0000	selection/huge_pdb_alpha_selection_info.tsv
185	1EQZ_5|Chains	alpha	103	0.0000	selection/huge_pdb_alpha_selection_info.tsv
186	1AKK_1|Chain	alpha	104	0.0000	selection/pdb_direct_alpha_selection_info.tsv
187	1CMB_1|Chains	alpha	104	0.0000	selection/huge_pdb_alpha_selection_info.tsv
188	1CXP_1|Chains	alpha	104	0.0000	selection/huge_pdb_alpha_selection_info.tsv
189	1B2M_2|Chains	alpha	104	0.2471	selection/filtered_alpha_selection_info.tsv
190	1BIR_1|Chains	alpha	104	0.9623	selection/enhanced_alpha_selection_info.tsv
191	1AYF_1|Chains	alpha	105	0.0000	selection/pdb_direct_alpha_selection_info.tsv
192	1CDB_1|Chain	alpha	105	0.0000	selection/huge_pdb_alpha_selection_info.tsv
193	1FB0_1|Chains	alpha	105	0.0000	selection/huge_pdb_alpha_selection_info.tsv
194	1EH2_1|Chain	alpha	106	0.0000	selection/huge_pdb_alpha_selection_info.tsv
195	1EW4_1|Chain	alpha	106	0.0000	selection/huge_pdb_alpha_selection_info.tsv
196	1WRP_1|Chain	alpha	107	0.0000	selection/pdb_direct_alpha_selection_info.tsv
197	1CO6_1|Chain	alpha	107	0.0000	selection/huge_pdb_alpha_selection_info.tsv
198	1DVF_3|Chain	alpha	107	0.0000	selection/huge_pdb_alpha_selection_info.tsv
199	1F40_1|Chain	alpha	107	0.0000	selection/huge_pdb_alpha_selection_info.tsv
200	1BKF_1|Chain	alpha	107	0.2561	selection/filtered_alpha_selection_info.tsv
201	2TRX_1|Chains	alpha	108	0.0000	selection/pdb_direct_alpha_selection_info.tsv
202	1ACX_1|Chain	alpha	108	0.0000	selection/pdb_direct_alpha_selection_info.tsv
203	1D2Z_1|Chains	alpha	108	0.0000	selection/huge_pdb_alpha_selection_info.tsv
204	1BHH_1|Chain	alpha	108	0.2517	selection/filtered_alpha_selection_info.tsv
205	1BKR_1|Chain	alpha	109	0.2353	selection/filtered_alpha_selection_info.tsv
206	1AJ3_1|Chain	alpha	110	0.0000	selection/pdb_direct_alpha_selection_info.tsv
207	1EXG_1|Chain	alpha	110	0.0000	selection/huge_pdb_alpha_selection_info.tsv
208	1BRN_2|Chains	alpha	110	0.2485	selection/filtered_alpha_selection_info.tsv
209	1EM8_2|Chains	alpha	112	0.0000	selection/huge_pdb_alpha_selection_info.tsv
210	1EVH_1|Chain	alpha	112	0.0000	selection/huge_pdb_alpha_selection_info.tsv
211	1BPV_1|Chain	alpha	112	0.2287	selection/filtered_alpha_selection_info.tsv
212	1BB9_1|Chain	alpha	115	0.2541	selection/filtered_alpha_selection_info.tsv
213	1DLW_1|Chain	alpha	116	0.0000	selection/huge_pdb_alpha_selection_info.tsv
214	1DX5_2|Chains	alpha	118	0.0000	selection/huge_pdb_alpha_selection_info.tsv
215	1F51_2|Chains	alpha	119	0.0000	selection/huge_pdb_alpha_selection_info.tsv
216	1BFE_1|Chain	alpha	119	0.2411	selection/filtered_alpha_selection_info.tsv
217	1BY2_1|Chain	alpha	119	0.2473	selection/filtered_alpha_selection_info.tsv
218	1AL0_4|Chain	alpha	120	0.0000	selection/pdb_direct_alpha_selection_info.tsv
219	1AR1_4|Chain	alpha	120	0.0000	selection/pdb_direct_alpha_selection_info.tsv
220	1DHN_1|Chain	alpha	121	0.0000	selection/huge_pdb_alpha_selection_info.tsv
221	1BUO_1|Chain	alpha	121	0.1852	selection/filtered_alpha_selection_info.tsv
222	1BIP_1|Chain	alpha	122	0.5091	selection/enhanced_alpha_selection_info.tsv
223	1B1U_1|Chain	alpha	122	0.9837	selection/enhanced_alpha_selection_info.tsv
224	1BP2_1|Chain	alpha	123	0.1812	selection/filtered_alpha_selection_info.tsv
225	1ANG_1|Chain	alpha	123	0.2333	selection/filtered_alpha_selection_info.tsv
226	1ALC_1|Chain	alpha	123	0.2663	selection/filtered_alpha_selection_info.tsv
227	1B9O_1|Chain	alpha	123	0.8779	selection/enhanced_alpha_selection_info.tsv
228	1DFJ_1|Chain	alpha	124	0.0000	selection/huge_pdb_alpha_selection_info.tsv
229	1BGF_1|Chain	alpha	124	0.2174	selection/filtered_alpha_selection_info.tsv
230	1BAI_1|Chains	alpha	124	0.2816	selection/filtered_alpha_selection_info.tsv
231	1DFX_1|Chain	alpha	125	0.0000	selection/huge_pdb_alpha_selection_info.tsv
232	1DYN_1|Chains	alpha	125	0.0000	selection/huge_pdb_alpha_selection_info.tsv
233	1BDJ_2|Chain	alpha	125	0.2013	selection/filtered_alpha_selection_info.tsv
234	1ACF_1|Chain	alpha	125	0.2341	selection/filtered_alpha_selection_info.tsv
235	1D4X_2|Chain	alpha	126	0.0000	selection/huge_pdb_alpha_selection_info.tsv
236	1COM_1|Chains	alpha	127	0.0000	selection/huge_pdb_alpha_selection_info.tsv
237	1CSG_1|Chains	alpha	127	0.0000	selection/huge_pdb_alpha_selection_info.tsv
238	1E4H_1|Chains	alpha	127	0.0000	selection/huge_pdb_alpha_selection_info.tsv
239	1E85_1|Chain	alpha	127	0.0000	selection/huge_pdb_alpha_selection_info.tsv
240	1EAL_1|Chain	alpha	127	0.0000	selection/huge_pdb_alpha_selection_info.tsv
241	1EKG_1|Chain	alpha	127	0.0000	selection/huge_pdb_alpha_selection_info.tsv
242	1BEA_1|Chain	alpha	127	0.2201	selection/filtered_alpha_selection_info.tsv
243	1B00_1|Chains	alpha	127	0.2439	selection/filtered_alpha_selection_info.tsv
244	1CEY_1|Chain	alpha	128	0.0000	selection/huge_pdb_alpha_selection_info.tsv
245	1DOI_1|Chain	alpha	128	0.0000	selection/huge_pdb_alpha_selection_info.tsv
246	1E7K_1|Chains	alpha	128	0.0000	selection/huge_pdb_alpha_selection_info.tsv
247	1BYN_1|Chain	alpha	128	0.2360	selection/filtered_alpha_selection_info.tsv
248	1COT_1|Chain	alpha	129	0.0000	selection/huge_pdb_alpha_selection_info.tsv
249	1AKI_1|Chain	alpha	129	0.2235	selection/filtered_alpha_selection_info.tsv
250	1DZ3_1|Chain	alpha	130	0.0000	selection/huge_pdb_alpha_selection_info.tsv
251	1EL1_1|Chains	alpha	130	0.0000	selection/huge_pdb_alpha_selection_info.tsv
252	1BBH_1|Chains	alpha	131	0.2344	selection/filtered_alpha_selection_info.tsv
253	1ADL_1|Chain	alpha	131	0.2489	selection/filtered_alpha_selection_info.tsv
254	1DM9_1|Chains	alpha	133	0.0000	selection/huge_pdb_alpha_selection_info.tsv
255	1F0R_2|Chain	alpha	134	0.0000	selection/huge_pdb_alpha_selection_info.tsv
256	1ABV_1|Chain	alpha	134	0.2709	selection/filtered_alpha_selection_info.tsv
257	1CFE_1|Chain	alpha	135	0.0000	selection/huge_pdb_alpha_selection_info.tsv
258	1BKB_1|Chain	alpha	136	0.2393	selection/filtered_alpha_selection_info.tsv
259	1DQE_1|Chains	alpha	137	0.0000	selection/huge_pdb_alpha_selection_info.tsv
260	1E0O_1|Chains	alpha	140	0.0000	selection/huge_pdb_alpha_selection_info.tsv
261	1F46_1|Chains	alpha	140	0.0000	selection/huge_pdb_alpha_selection_info.tsv
262	1BAR_1|Chains	alpha	140	0.2320	selection/filtered_alpha_selection_info.tsv
263	1CG5_1|Chain	alpha	141	0.0000	selection/huge_pdb_alpha_selection_info.tsv
264	1CMY_1|Chains	alpha	141	0.0000	selection/huge_pdb_alpha_selection_info.tsv
265	1BUW_1|Chains	alpha	141	0.9722	selection/enhanced_alpha_selection_info.tsv
266	1BAB_1|Chains	alpha	143	0.2190	selection/filtered_alpha_selection_info.tsv
267	1BIN_1|Chains	alpha	143	0.2627	selection/filtered_alpha_selection_info.tsv
268	1BZ4_1|Chain	alpha	144	0.7448	selection/enhanced_alpha_selection_info.tsv
269	1AT0_1|Chain	alpha	145	0.2391	selection/filtered_alpha_selection_info.tsv
270	1AX8_1|Chain	alpha	146	0.2299	selection/filtered_alpha_selection_info.tsv
271	1F4P_1|Chain	alpha	147	0.0000	selection/huge_pdb_alpha_selection_info.tsv
272	1AOH_1|Chains	alpha	147	0.2415	selection/filtered_alpha_selection_info.tsv
273	1CFC_1|Chain	alpha	148	0.0000	selection/huge_pdb_alpha_selection_info.tsv
274	1F08_1|Chains	alpha	148	0.0000	selection/huge_pdb_alpha_selection_info.tsv
275	1F2U_2|Chains	alpha	148	0.0000	selection/huge_pdb_alpha_selection_info.tsv
276	1A3A_1|Chains	alpha	148	0.2605	selection/filtered_alpha_selection_info.tsv
277	1DIV_1|Chain	alpha	149	0.0000	selection/huge_pdb_alpha_selection_info.tsv
278	1EY4_1|Chain	alpha	149	0.0000	selection/huge_pdb_alpha_selection_info.tsv
279	1AQZ_1|Chains	alpha	149	0.2091	selection/filtered_alpha_selection_info.tsv
280	1ASH_1|Chain	alpha	150	0.2500	selection/filtered_alpha_selection_info.tsv
281	1BZO_1|Chain	alpha	151	0.2408	selection/filtered_alpha_selection_info.tsv
282	1BHN_1|Chains	alpha	152	0.2366	selection/filtered_alpha_selection_info.tsv
283	1D09_2|Chains	alpha	153	0.0000	selection/huge_pdb_alpha_selection_info.tsv
284	1BZP_1|Chain	alpha	153	0.2490	selection/filtered_alpha_selection_info.tsv
285	1CH9_1|Chain	alpha	154	0.0000	selection/huge_pdb_alpha_selection_info.tsv
286	1F1E_1|Chain	alpha	154	0.0000	selection/huge_pdb_alpha_selection_info.tsv
287	1CUR_1|Chain	alpha	155	0.0000	selection/huge_pdb_alpha_selection_info.tsv
288	1BLA_1|Chain	alpha	155	0.3850	selection/filtered_alpha_selection_info.tsv
289	1DW9_1|Chains	alpha	156	0.0000	selection/huge_pdb_alpha_selection_info.tsv
290	1B7T_2|Chain	alpha	156	0.2402	selection/filtered_alpha_selection_info.tsv
291	1BJ7_1|Chain	alpha	156	0.2435	selection/filtered_alpha_selection_info.tsv
292	1BD8_1|Chain	alpha	156	0.7405	selection/enhanced_alpha_selection_info.tsv
293	1DG9_1|Chain	alpha	157	0.0000	selection/huge_pdb_alpha_selection_info.tsv
294	1E7L_1|Chains	alpha	157	0.0000	selection/huge_pdb_alpha_selection_info.tsv
295	1ELK_1|Chains	alpha	157	0.0000	selection/huge_pdb_alpha_selection_info.tsv
296	1EI7_1|Chains	alpha	158	0.0000	selection/huge_pdb_alpha_selection_info.tsv
297	1AM7_1|Chains	alpha	158	0.2465	selection/filtered_alpha_selection_info.tsv
298	1BCF_1|Chains	alpha	158	0.2582	selection/filtered_alpha_selection_info.tsv
299	1D7P_1|Chain	alpha	159	0.0000	selection/huge_pdb_alpha_selection_info.tsv
300	1BV1_1|Chain	alpha	159	0.2103	selection/filtered_alpha_selection_info.tsv
301	1ASS_1|Chain	alpha	159	0.2161	selection/filtered_alpha_selection_info.tsv
302	1D1P_1|Chains	alpha	160	0.0000	selection/huge_pdb_alpha_selection_info.tsv
303	1DYO_1|Chains	alpha	160	0.0000	selection/huge_pdb_alpha_selection_info.tsv
304	1E88_1|Chain	alpha	160	0.0000	selection/huge_pdb_alpha_selection_info.tsv
305	1F3Z_1|Chain	alpha	161	0.0000	selection/huge_pdb_alpha_selection_info.tsv
306	1AEP_1|Chain	alpha	161	0.2423	selection/filtered_alpha_selection_info.tsv
307	1CPC_1|Chains	alpha	162	0.0000	selection/huge_pdb_alpha_selection_info.tsv
308	1B8E_1|Chain	alpha	162	0.2470	selection/filtered_alpha_selection_info.tsv
309	1TOP_1|Chain	alpha	162	0.2520	selection/filtered_alpha_selection_info.tsv
310	1BEB_1|Chains	alpha	162	0.9877	selection/enhanced_alpha_selection_info.tsv
311	1PIN_1|Chain	alpha	163	0.2140	selection/filtered_alpha_selection_info.tsv
312	1CUP_1|Chain	alpha	164	0.0000	selection/huge_pdb_alpha_selection_info.tsv
313	1EZT_1|Chain	alpha	166	0.0000	selection/huge_pdb_alpha_selection_info.tsv
314	1BIU_1|Chains	alpha	166	0.2342	selection/filtered_alpha_selection_info.tsv
315	1BLX_2|Chain	alpha	166	0.2659	selection/filtered_alpha_selection_info.tsv
316	1BIS_1|Chains	alpha	166	0.9529	selection/enhanced_alpha_selection_info.tsv
317	1BIZ_1|Chains	alpha	166	0.9645	selection/enhanced_alpha_selection_info.tsv
318	1D01_1|Chains	alpha	168	0.0000	selection/huge_pdb_alpha_selection_info.tsv
319	1CZU_1|Chain	alpha	169	0.0000	selection/huge_pdb_alpha_selection_info.tsv
320	1B55_1|Chains	alpha	169	0.1848	selection/filtered_alpha_selection_info.tsv
321	1D2S_1|Chain	alpha	170	0.0000	selection/huge_pdb_alpha_selection_info.tsv
322	1CQR_1|Chains	alpha	173	0.0000	selection/huge_pdb_alpha_selection_info.tsv
323	1E3B_1|Chain	alpha	173	0.0000	selection/huge_pdb_alpha_selection_info.tsv
324	1EGM_3|Chains	alpha	173	0.0000	selection/huge_pdb_alpha_selection_info.tsv
325	1BIW_1|Chains	alpha	173	0.2364	selection/filtered_alpha_selection_info.tsv
326	1CV8_1|Chain	alpha	174	0.0000	selection/huge_pdb_alpha_selection_info.tsv
327	1E1H_2|Chains	alpha	174	0.0000	selection/huge_pdb_alpha_selection_info.tsv
328	1AMM_1|Chain	alpha	174	0.2099	selection/filtered_alpha_selection_info.tsv
329	1BGC_1|Chain	alpha	174	0.2373	selection/filtered_alpha_selection_info.tsv
330	1E94_1|Chains	alpha	175	0.0000	selection/huge_pdb_alpha_selection_info.tsv
331	1CID_1|Chain	alpha	177	0.0000	selection/huge_pdb_alpha_selection_info.tsv
332	1AVW_2|Chain	alpha	177	0.2386	selection/filtered_alpha_selection_info.tsv
333	1CDH_1|Chain	alpha	178	0.0000	selection/huge_pdb_alpha_selection_info.tsv
334	1BNL_1|Chains	alpha	178	0.2255	selection/filtered_alpha_selection_info.tsv
335	1EJ0_1|Chain	alpha	180	0.0000	selection/huge_pdb_alpha_selection_info.tsv
336	1D5M_1|Chain	alpha	181	0.0000	selection/huge_pdb_alpha_selection_info.tsv
337	1B87_1|Chain	alpha	181	0.2267	selection/filtered_alpha_selection_info.tsv
338	1DZR_1|Chains	alpha	183	0.0000	selection/huge_pdb_alpha_selection_info.tsv
339	1AQB_1|Chain	alpha	183	0.2143	selection/filtered_alpha_selection_info.tsv
340	1CZ4_1|Chain	alpha	185	0.0000	selection/huge_pdb_alpha_selection_info.tsv
341	1EP0_1|Chain	alpha	185	0.0000	selection/huge_pdb_alpha_selection_info.tsv
342	1GBS_1|Chain	alpha	185	0.2419	selection/filtered_alpha_selection_info.tsv
343	1EX7_1|Chain	alpha	186	0.0000	selection/huge_pdb_alpha_selection_info.tsv
344	1DK0_1|Chains	alpha	188	0.0000	selection/huge_pdb_alpha_selection_info.tsv
345	1CR5_1|Chains	alpha	189	0.0000	selection/huge_pdb_alpha_selection_info.tsv
346	1DR1_1|Chain	alpha	189	0.0000	selection/huge_pdb_alpha_selection_info.tsv
347	1ATZ_1|Chains	alpha	189	0.2387	selection/filtered_alpha_selection_info.tsv
348	1BK7_1|Chain	alpha	190	0.2246	selection/filtered_alpha_selection_info.tsv
349	1DG6_1|Chain	alpha	191	0.0000	selection/huge_pdb_alpha_selection_info.tsv
350	1B68_1|Chain	alpha	191	0.2203	selection/filtered_alpha_selection_info.tsv
351	1E96_1|Chain	alpha	192	0.0000	selection/huge_pdb_alpha_selection_info.tsv
352	1BJF_1|Chains	alpha	193	0.2367	selection/filtered_alpha_selection_info.tsv
353	1DI6_1|Chain	alpha	195	0.0000	selection/huge_pdb_alpha_selection_info.tsv
354	1DNL_1|Chain	alpha	199	0.0000	selection/huge_pdb_alpha_selection_info.tsv
355	1BSM_1|Chains	alpha	201	0.2306	selection/filtered_alpha_selection_info.tsv
356	1AV1_1|Chains	alpha	201	0.2645	selection/filtered_alpha_selection_info.tsv
357	1AGR_2|Chains	alpha	205	0.2253	selection/filtered_alpha_selection_info.tsv
358	1BS9_1|Chain	alpha	207	0.2451	selection/filtered_alpha_selection_info.tsv
359	1AN8_1|Chain	alpha	208	0.2310	selection/filtered_alpha_selection_info.tsv
360	1AP8_1|Chain	alpha	213	0.2404	selection/filtered_alpha_selection_info.tsv
361	1AUO_1|Chains	alpha	218	0.2397	selection/filtered_alpha_selection_info.tsv
362	1BMC_1|Chain	alpha	221	0.2435	selection/filtered_alpha_selection_info.tsv
363	1BYI_1|Chain	alpha	224	0.2486	selection/filtered_alpha_selection_info.tsv
364	1ATG_1|Chain	alpha	231	0.2379	selection/filtered_alpha_selection_info.tsv
365	1BIT_1|Chain	alpha	237	0.2883	selection/filtered_alpha_selection_info.tsv
366	1B5E_1|Chains	alpha	246	0.2273	selection/filtered_alpha_selection_info.tsv
367	1B16_1|Chains	alpha	254	0.2467	selection/enhanced_alpha_selection_info.tsv
368	1B9B_1|Chains	alpha	255	0.2448	selection/enhanced_alpha_selection_info.tsv
369	1BLC_1|Chain	alpha	257	0.2683	selection/enhanced_alpha_selection_info.tsv
370	1ATN_2|Chain	alpha	260	0.2232	selection/enhanced_alpha_selection_info.tsv
371	1BTL_1|Chain	alpha	263	0.2434	selection/enhanced_alpha_selection_info.tsv
372	1BID_1|Chain	alpha	265	0.2261	selection/enhanced_alpha_selection_info.tsv
373	1ARB_1|Chain	alpha	268	0.2038	selection/enhanced_alpha_selection_info.tsv
374	1BR6_1|Chain	alpha	268	0.2395	selection/enhanced_alpha_selection_info.tsv
375	1BC5_1|Chain	alpha	269	0.9818	selection/enhanced_alpha_selection_info.tsv
376	1BMF_3|Chain	alpha	272	0.2201	selection/enhanced_alpha_selection_info.tsv
377	1AF7_1|Chain	alpha	274	0.2269	selection/enhanced_alpha_selection_info.tsv
378	1EYE_1|Chain	alpha	280	0.2315	selection/enhanced_alpha_selection_info.tsv
379	1AIG_1|Chains	alpha	281	0.2256	selection/enhanced_alpha_selection_info.tsv
380	1B8O_1|Chain	alpha	284	0.2197	selection/enhanced_alpha_selection_info.tsv
381	1BIX_1|Chain	alpha	287	0.2442	selection/enhanced_alpha_selection_info.tsv
382	1RGS_1|Chain	alpha	288	0.2408	selection/enhanced_alpha_selection_info.tsv
383	1BF6_1|Chains	alpha	291	0.2313	selection/enhanced_alpha_selection_info.tsv
384	1AMP_1|Chain	alpha	291	0.2373	selection/enhanced_alpha_selection_info.tsv
385	1DSG_1|Chain	alpha	292	0.2341	selection/enhanced_alpha_selection_info.tsv
386	1BN6_1|Chain	alpha	294	0.2380	selection/enhanced_alpha_selection_info.tsv
387	1B39_1|Chain	alpha	299	0.0334	selection/enhanced_alpha_selection_info.tsv
